system:index,prob_absence,prob_presence,site_code,.geo
00000000000000000088,0.18697861999999998,0.81302138,Canada.BanksIsland.GreenCabin-C00,"{""type"":""MultiPoint"",""coordinates"":[]}"
00000000000000000162,0.18697861999999998,0.81302138,Canada.BanksIsland.GreenCabin-C00,"{""type"":""MultiPoint"",""coordinates"":[]}"
00000000000000000152,0.7563500400000001,0.24364996,Canada.BanksIsland.GreenCabin-C07,"{""type"":""MultiPoint"",""coordinates"":[]}"
00000000000000000197,0.3971765599999997,0.6028234400000003,Canada.BanksIsland.GreenCabin-C08,"{""type"":""MultiPoint"",""coordinates"":[]}"
000000000000000000bb,0.06814279999999939,0.9318572000000006,Canada.ClearwaterLake.AB1,"{""type"":""MultiPoint"",""coordinates"":[]}"
00000000000000000028,0.06814279999999939,0.9318572000000006,Canada.ClearwaterLake.AB2,"{""type"":""MultiPoint"",""coordinates"":[]}"
000000000000000000a8,0.06814279999999939,0.9318572000000006,Canada.ClearwaterLake.AB2,"{""type"":""MultiPoint"",""coordinates"":[]}"
000000000000000001cc,0.06814279999999939,0.9318572000000006,Canada.ClearwaterLake.AB3,"{""type"":""MultiPoint"",""coordinates"":[]}"
0000000000000000003f,0.13531707999999976,0.8646829200000002,Canada.ClearwaterLake.LS1,"{""type"":""MultiPoint"",""coordinates"":[]}"
000000000000000001d3,0.9473961359999999,0.05260386400000004,Canada.PrincePatrickIsland.MouldBay-C00,"{""type"":""MultiPoint"",""coordinates"":[]}"
000000000000000000fe,0.936914296,0.06308570400000003,Canada.PrincePatrickIsland.MouldBay-C03,"{""type"":""MultiPoint"",""coordinates"":[]}"
00000000000000000145,0.936914296,0.06308570400000003,Canada.PrincePatrickIsland.MouldBay-C03,"{""type"":""MultiPoint"",""coordinates"":[]}"
0000000000000000010d,0.3260357799999998,0.6739642200000002,Canada.PrincePatrickIsland.MouldBay-C04,"{""type"":""MultiPoint"",""coordinates"":[]}"
000000000000000000c5,0.0894577599999995,0.9105422400000005,Canada.PrincePatrickIsland.MouldBay-C06,"{""type"":""MultiPoint"",""coordinates"":[]}"
00000000000000000151,0.0894577599999995,0.9105422400000005,Canada.PrincePatrickIsland.MouldBay-C06,"{""type"":""MultiPoint"",""coordinates"":[]}"
0000000000000000000a,0.06814279999999939,0.9318572000000006,Finland.Javrresduottar.A-Betula,"{""type"":""MultiPoint"",""coordinates"":[]}"
00000000000000000095,0.06814279999999939,0.9318572000000006,Finland.Javrresduottar.A-Hummock,"{""type"":""MultiPoint"",""coordinates"":[]}"
00000000000000000139,0.06814279999999939,0.9318572000000006,Finland.Javrresduottar.A-Hummock,"{""type"":""MultiPoint"",""coordinates"":[]}"
000000000000000001b6,0.06814279999999939,0.9318572000000006,Finland.Javrresduottar.A-Hummock,"{""type"":""MultiPoint"",""coordinates"":[]}"
0000000000000000001b,0.06814279999999939,0.9318572000000006,Finland.Javrresduottar.A-Sphagnum,"{""type"":""MultiPoint"",""coordinates"":[]}"
000000000000000001c9,0.06814279999999939,0.9318572000000006,Finland.Javrresduottar.A-Sphagnum,"{""type"":""MultiPoint"",""coordinates"":[]}"
000000000000000001be,0.06814279999999939,0.9318572000000006,Finland.Javrresduottar.EC-Hummock,"{""type"":""MultiPoint"",""coordinates"":[]}"
000000000000000000ca,0.06814279999999939,0.9318572000000006,Finland.Javrresduottar.EC-Salix,"{""type"":""MultiPoint"",""coordinates"":[]}"
0000000000000000012e,0.06814279999999939,0.9318572000000006,Finland.Javrresduottar.EC-Sphagnum,"{""type"":""MultiPoint"",""coordinates"":[]}"
000000000000000001b0,0.06814279999999939,0.9318572000000006,Finland.Kevo.14,"{""type"":""MultiPoint"",""coordinates"":[]}"
0000000000000000004a,0.06814279999999939,0.9318572000000006,Finland.Kevo.5,"{""type"":""MultiPoint"",""coordinates"":[]}"
0000000000000000006d,0.06814279999999939,0.9318572000000006,Finland.Kevo.5,"{""type"":""MultiPoint"",""coordinates"":[]}"
0000000000000000016d,0.06814279999999939,0.9318572000000006,Finland.Kevo.5,"{""type"":""MultiPoint"",""coordinates"":[]}"
00000000000000000044,0.06814279999999939,0.9318572000000006,Finland.Kevo.6,"{""type"":""MultiPoint"",""coordinates"":[]}"
00000000000000000049,0.06814279999999939,0.9318572000000006,Finland.Kevo.6,"{""type"":""MultiPoint"",""coordinates"":[]}"
00000000000000000196,0.06814279999999939,0.9318572000000006,Finland.Kevo.6,"{""type"":""MultiPoint"",""coordinates"":[]}"
0000000000000000005c,0.06814279999999939,0.9318572000000006,Finland.Kilpisjarvi.15,"{""type"":""MultiPoint"",""coordinates"":[]}"
0000000000000000013d,0.06814279999999939,0.9318572000000006,Finland.Kilpisjarvi.15,"{""type"":""MultiPoint"",""coordinates"":[]}"
000000000000000001b8,0.06814279999999939,0.9318572000000006,Finland.Kilpisjarvi.15,"{""type"":""MultiPoint"",""coordinates"":[]}"
00000000000000000053,0.06814279999999939,0.9318572000000006,Finland.Kilpisjarvi.17,"{""type"":""MultiPoint"",""coordinates"":[]}"
00000000000000000097,0.06814279999999939,0.9318572000000006,Finland.Kilpisjarvi.17,"{""type"":""MultiPoint"",""coordinates"":[]}"
0000000000000000008e,0.06814279999999939,0.9318572000000006,Norway.Javrresduottar.A-Salix,"{""type"":""MultiPoint"",""coordinates"":[]}"
000000000000000000d7,0.06814279999999939,0.9318572000000006,Norway.Javrresduottar.A-Salix,"{""type"":""MultiPoint"",""coordinates"":[]}"
00000000000000000108,0.06814279999999939,0.9318572000000006,Norway.Javrresduottar.A-Salix,"{""type"":""MultiPoint"",""coordinates"":[]}"
00000000000000000153,0.06814279999999939,0.9318572000000006,Norway.Javrresduottar.A-Salix,"{""type"":""MultiPoint"",""coordinates"":[]}"
000000000000000000f4,0.06814279999999939,0.9318572000000006,Norway.Javrresduottar.A-Sedge,"{""type"":""MultiPoint"",""coordinates"":[]}"
00000000000000000138,0.06814279999999939,0.9318572000000006,Norway.Javrresduottar.A-Sedge,"{""type"":""MultiPoint"",""coordinates"":[]}"
00000000000000000067,0.06814279999999939,0.9318572000000006,Norway.Javrresduottar.A-Sphagnum,"{""type"":""MultiPoint"",""coordinates"":[]}"
000000000000000001c2,0.06814279999999939,0.9318572000000006,Norway.Javrresduottar.EC-Betula,"{""type"":""MultiPoint"",""coordinates"":[]}"
0000000000000000002d,0.06814279999999939,0.9318572000000006,Norway.Javrresduottar.EC-Salix,"{""type"":""MultiPoint"",""coordinates"":[]}"
0000000000000000010c,0.06814279999999939,0.9318572000000006,Norway.Javrresduottar.EC-Salix,"{""type"":""MultiPoint"",""coordinates"":[]}"
000000000000000001b4,0.06814279999999939,0.9318572000000006,Norway.Javrresduottar.EC-Salix,"{""type"":""MultiPoint"",""coordinates"":[]}"
000000000000000000cb,0.06814279999999939,0.9318572000000006,Norway.Javrresduottar.EC-Sedge,"{""type"":""MultiPoint"",""coordinates"":[]}"
00000000000000000077,0.06814279999999939,0.9318572000000006,Russia.Yamal.Kharasavey-1,"{""type"":""MultiPoint"",""coordinates"":[]}"
00000000000000000199,0.06814279999999939,0.9318572000000006,Russia.Yamal.Nadym-1,"{""type"":""MultiPoint"",""coordinates"":[]}"
00000000000000000124,0.06814279999999939,0.9318572000000006,Russia.Yamal.Nadym-2-H,"{""type"":""MultiPoint"",""coordinates"":[]}"
000000000000000001b2,0.06814279999999939,0.9318572000000006,Russia.Yamal.Nadym-2-H,"{""type"":""MultiPoint"",""coordinates"":[]}"
00000000000000000060,0.06814279999999939,0.9318572000000006,Russia.Yamal.Nadym-2-IH,"{""type"":""MultiPoint"",""coordinates"":[]}"
000000000000000001b3,0.06814279999999939,0.9318572000000006,Russia.Yamal.OstrovBelyy-1,"{""type"":""MultiPoint"",""coordinates"":[]}"
00000000000000000050,0.06814279999999939,0.9318572000000006,USA.InteriorAlaska.17,"{""type"":""MultiPoint"",""coordinates"":[]}"
00000000000000000198,0.06814279999999939,0.9318572000000006,USA.InteriorAlaska.21,"{""type"":""MultiPoint"",""coordinates"":[]}"
00000000000000000171,0.06814279999999939,0.9318572000000006,USA.InteriorAlaska.22,"{""type"":""MultiPoint"",""coordinates"":[]}"
00000000000000000080,0.06814279999999939,0.9318572000000006,USA.InteriorAlaska.23,"{""type"":""MultiPoint"",""coordinates"":[]}"
000000000000000001a3,0.06814279999999939,0.9318572000000006,USA.InteriorAlaska.23,"{""type"":""MultiPoint"",""coordinates"":[]}"
0000000000000000014c,0.16019552000000026,0.8398044799999997,USA.NorthSlope.13,"{""type"":""MultiPoint"",""coordinates"":[]}"
000000000000000000ce,0.06990079999999943,0.9300992000000006,USA.NorthSlope.Barrow,"{""type"":""MultiPoint"",""coordinates"":[]}"
00000000000000000015,0.76537146,0.23462854,USA.NorthSlope.HoweIsland-C13,"{""type"":""MultiPoint"",""coordinates"":[]}"
0000000000000000004f,0.76537146,0.23462854,USA.NorthSlope.HoweIsland-C13,"{""type"":""MultiPoint"",""coordinates"":[]}"
0000000000000000013a,0.76537146,0.23462854,USA.NorthSlope.HoweIsland-C13,"{""type"":""MultiPoint"",""coordinates"":[]}"
000000000000000000c8,0.956289666,0.04371033400000006,nonveg_1213,"{""type"":""MultiPoint"",""coordinates"":[]}"
0000000000000000000b,0.956289666,0.04371033400000006,nonveg_1367,"{""type"":""MultiPoint"",""coordinates"":[]}"
00000000000000000076,0.956289666,0.04371033400000006,nonveg_1477,"{""type"":""MultiPoint"",""coordinates"":[]}"
00000000000000000133,0.956289666,0.04371033400000006,nonveg_1477,"{""type"":""MultiPoint"",""coordinates"":[]}"
00000000000000000112,0.956289666,0.04371033400000006,nonveg_1695,"{""type"":""MultiPoint"",""coordinates"":[]}"
00000000000000000037,0.956289666,0.04371033400000006,nonveg_1797,"{""type"":""MultiPoint"",""coordinates"":[]}"
00000000000000000127,0.956289666,0.04371033400000006,nonveg_1797,"{""type"":""MultiPoint"",""coordinates"":[]}"
000000000000000000a2,0.956289666,0.04371033400000006,nonveg_1927,"{""type"":""MultiPoint"",""coordinates"":[]}"
000000000000000000c9,0.956289666,0.04371033400000006,nonveg_1927,"{""type"":""MultiPoint"",""coordinates"":[]}"
000000000000000000ef,0.945573656,0.05442634400000003,nonveg_507,"{""type"":""MultiPoint"",""coordinates"":[]}"
000000000000000000f5,0.945573656,0.05442634400000003,nonveg_507,"{""type"":""MultiPoint"",""coordinates"":[]}"
000000000000000001d5,0.956289666,0.04371033400000006,nonveg_540,"{""type"":""MultiPoint"",""coordinates"":[]}"
0000000000000000006e,0.956289666,0.04371033400000006,nonveg_542,"{""type"":""MultiPoint"",""coordinates"":[]}"
0000000000000000009d,0.956289666,0.04371033400000006,nonveg_542,"{""type"":""MultiPoint"",""coordinates"":[]}"
00000000000000000184,0.956289666,0.04371033400000006,nonveg_542,"{""type"":""MultiPoint"",""coordinates"":[]}"
000000000000000001a1,0.954528426,0.04547157400000006,nonveg_561,"{""type"":""MultiPoint"",""coordinates"":[]}"
00000000000000000096,0.956289666,0.04371033400000006,nonveg_578,"{""type"":""MultiPoint"",""coordinates"":[]}"
0000000000000000011c,0.956289666,0.04371033400000006,nonveg_578,"{""type"":""MultiPoint"",""coordinates"":[]}"
000000000000000000e7,0.956289666,0.04371033400000006,nonveg_582,"{""type"":""MultiPoint"",""coordinates"":[]}"
00000000000000000105,0.956289666,0.04371033400000006,nonveg_582,"{""type"":""MultiPoint"",""coordinates"":[]}"
00000000000000000010,0.956289666,0.04371033400000006,nonveg_583,"{""type"":""MultiPoint"",""coordinates"":[]}"
00000000000000000064,0.956289666,0.04371033400000006,nonveg_583,"{""type"":""MultiPoint"",""coordinates"":[]}"
00000000000000000190,0.956289666,0.04371033400000006,nonveg_583,"{""type"":""MultiPoint"",""coordinates"":[]}"
00000000000000000193,0.956289666,0.04371033400000006,nonveg_583,"{""type"":""MultiPoint"",""coordinates"":[]}"
000000000000000000f3,0.954521106,0.04547889400000007,nonveg_628,"{""type"":""MultiPoint"",""coordinates"":[]}"
00000000000000000068,0.956289666,0.04371033400000006,nonveg_637,"{""type"":""MultiPoint"",""coordinates"":[]}"
00000000000000000085,0.956289666,0.04371033400000006,nonveg_637,"{""type"":""MultiPoint"",""coordinates"":[]}"
00000000000000000185,0.956289666,0.04371033400000006,nonveg_637,"{""type"":""MultiPoint"",""coordinates"":[]}"
00000000000000000186,0.956289666,0.04371033400000006,nonveg_637,"{""type"":""MultiPoint"",""coordinates"":[]}"
000000000000000001d7,0.956289666,0.04371033400000006,nonveg_637,"{""type"":""MultiPoint"",""coordinates"":[]}"
00000000000000000165,0.9439126539999999,0.056087346000000045,nonveg_663,"{""type"":""MultiPoint"",""coordinates"":[]}"
0000000000000000014f,0.956289666,0.04371033400000006,nonveg_673,"{""type"":""MultiPoint"",""coordinates"":[]}"
000000000000000001cf,0.956289666,0.04371033400000006,nonveg_673,"{""type"":""MultiPoint"",""coordinates"":[]}"
000000000000000000de,0.9527884859999999,0.04721151400000007,nonveg_674,"{""type"":""MultiPoint"",""coordinates"":[]}"
0000000000000000016f,0.9527884859999999,0.04721151400000007,nonveg_674,"{""type"":""MultiPoint"",""coordinates"":[]}"
00000000000000000055,0.956289666,0.04371033400000006,nonveg_677,"{""type"":""MultiPoint"",""coordinates"":[]}"
000000000000000000b4,0.956289666,0.04371033400000006,nonveg_677,"{""type"":""MultiPoint"",""coordinates"":[]}"
000000000000000000e4,0.956289666,0.04371033400000006,nonveg_688,"{""type"":""MultiPoint"",""coordinates"":[]}"
00000000000000000016,0.956289666,0.04371033400000006,nonveg_693,"{""type"":""MultiPoint"",""coordinates"":[]}"
00000000000000000043,0.9473556139999999,0.05264438600000007,nonveg_706,"{""type"":""MultiPoint"",""coordinates"":[]}"
000000000000000001ce,0.9473556139999999,0.05264438600000007,nonveg_706,"{""type"":""MultiPoint"",""coordinates"":[]}"
00000000000000000031,0.956289666,0.04371033400000006,nonveg_715,"{""type"":""MultiPoint"",""coordinates"":[]}"
000000000000000001af,0.956289666,0.04371033400000006,nonveg_715,"{""type"":""MultiPoint"",""coordinates"":[]}"
00000000000000000117,0.956289666,0.04371033400000006,nonveg_733,"{""type"":""MultiPoint"",""coordinates"":[]}"
000000000000000001c7,0.956289666,0.04371033400000006,nonveg_733,"{""type"":""MultiPoint"",""coordinates"":[]}"
000000000000000000fd,0.956289666,0.04371033400000006,nonveg_752,"{""type"":""MultiPoint"",""coordinates"":[]}"
00000000000000000038,0.956289666,0.04371033400000006,nonveg_761,"{""type"":""MultiPoint"",""coordinates"":[]}"
00000000000000000114,0.956289666,0.04371033400000006,nonveg_761,"{""type"":""MultiPoint"",""coordinates"":[]}"
0000000000000000017f,0.9544985939999999,0.045501406000000084,nonveg_775,"{""type"":""MultiPoint"",""coordinates"":[]}"
000000000000000000c3,0.956289666,0.04371033400000006,nonveg_806,"{""type"":""MultiPoint"",""coordinates"":[]}"
000000000000000001cb,0.956289666,0.04371033400000006,nonveg_809,"{""type"":""MultiPoint"",""coordinates"":[]}"
0000000000000000007a,0.956289666,0.04371033400000006,nonveg_822,"{""type"":""MultiPoint"",""coordinates"":[]}"
000000000000000000aa,0.956289666,0.04371033400000006,nonveg_822,"{""type"":""MultiPoint"",""coordinates"":[]}"
00000000000000000027,0.956289666,0.04371033400000006,nonveg_848,"{""type"":""MultiPoint"",""coordinates"":[]}"
0000000000000000005b,0.956289666,0.04371033400000006,nonveg_848,"{""type"":""MultiPoint"",""coordinates"":[]}"
000000000000000000e5,0.949187208,0.050812792000000044,nonveg_855,"{""type"":""MultiPoint"",""coordinates"":[]}"
00000000000000000003,0.936982506,0.06301749400000005,nonveg_863,"{""type"":""MultiPoint"",""coordinates"":[]}"
000000000000000000bd,0.936982506,0.06301749400000005,nonveg_863,"{""type"":""MultiPoint"",""coordinates"":[]}"
00000000000000000020,0.956289666,0.04371033400000006,nonveg_866,"{""type"":""MultiPoint"",""coordinates"":[]}"
000000000000000000c0,0.956289666,0.04371033400000006,nonveg_866,"{""type"":""MultiPoint"",""coordinates"":[]}"
000000000000000000d3,0.956289666,0.04371033400000006,nonveg_869,"{""type"":""MultiPoint"",""coordinates"":[]}"
00000000000000000104,0.956289666,0.04371033400000006,nonveg_869,"{""type"":""MultiPoint"",""coordinates"":[]}"
0000000000000000015e,0.956289666,0.04371033400000006,nonveg_869,"{""type"":""MultiPoint"",""coordinates"":[]}"
0000000000000000001c,0.956289666,0.04371033400000006,nonveg_882,"{""type"":""MultiPoint"",""coordinates"":[]}"
000000000000000001a6,0.956289666,0.04371033400000006,nonveg_882,"{""type"":""MultiPoint"",""coordinates"":[]}"
00000000000000000191,0.956289666,0.04371033400000006,nonveg_894,"{""type"":""MultiPoint"",""coordinates"":[]}"
00000000000000000092,0.956289666,0.04371033400000006,nonveg_897,"{""type"":""MultiPoint"",""coordinates"":[]}"
0000000000000000019c,0.956289666,0.04371033400000006,nonveg_907,"{""type"":""MultiPoint"",""coordinates"":[]}"
000000000000000001c8,0.956289666,0.04371033400000006,nonveg_907,"{""type"":""MultiPoint"",""coordinates"":[]}"
00000000000000000137,0.956289666,0.04371033400000006,nonveg_912,"{""type"":""MultiPoint"",""coordinates"":[]}"
0000000000000000000d,0.956289666,0.04371033400000006,nonveg_913,"{""type"":""MultiPoint"",""coordinates"":[]}"
0000000000000000009f,0.956289666,0.04371033400000006,nonveg_916,"{""type"":""MultiPoint"",""coordinates"":[]}"
00000000000000000106,0.956289666,0.04371033400000006,nonveg_916,"{""type"":""MultiPoint"",""coordinates"":[]}"
00000000000000000075,0.956289666,0.04371033400000006,nonveg_922,"{""type"":""MultiPoint"",""coordinates"":[]}"
00000000000000000129,0.956289666,0.04371033400000006,nonveg_936,"{""type"":""MultiPoint"",""coordinates"":[]}"
00000000000000000094,0.956289666,0.04371033400000006,nonveg_941,"{""type"":""MultiPoint"",""coordinates"":[]}"
000000000000000000dc,0.956289666,0.04371033400000006,nonveg_941,"{""type"":""MultiPoint"",""coordinates"":[]}"
00000000000000000177,0.956289666,0.04371033400000006,nonveg_954,"{""type"":""MultiPoint"",""coordinates"":[]}"
00000000000000000107,0.956289666,0.04371033400000006,nonveg_955,"{""type"":""MultiPoint"",""coordinates"":[]}"
0000000000000000015d,0.956289666,0.04371033400000006,nonveg_975,"{""type"":""MultiPoint"",""coordinates"":[]}"
0000000000000000001d,0.956289666,0.04371033400000006,nonveg_976,"{""type"":""MultiPoint"",""coordinates"":[]}"
0000000000000000004c,0.956289666,0.04371033400000006,nonveg_984,"{""type"":""MultiPoint"",""coordinates"":[]}"
00000000000000000161,0.956289666,0.04371033400000006,nonveg_984,"{""type"":""MultiPoint"",""coordinates"":[]}"
000000000000000001c3,0.956289666,0.04371033400000006,nonveg_984,"{""type"":""MultiPoint"",""coordinates"":[]}"
00000000000000000007,0.922840248,0.07715975200000004,nonveg_985,"{""type"":""MultiPoint"",""coordinates"":[]}"
000000000000000000f6,0.956289666,0.04371033400000006,nonveg_994,"{""type"":""MultiPoint"",""coordinates"":[]}"
00000000000000000004,0.956289666,0.04371033400000006,nonveg_995,"{""type"":""MultiPoint"",""coordinates"":[]}"
00000000000000000046,0.956289666,0.04371033400000006,nonveg_995,"{""type"":""MultiPoint"",""coordinates"":[]}"
0000000000000000017b,0.956289666,0.04371033400000006,nonveg_995,"{""type"":""MultiPoint"",""coordinates"":[]}"
000000000000000000ac,0.14226141999999997,0.85773858,Canada.KluaneLake.Gladstone-MixedTundra,"{""type"":""MultiPoint"",""coordinates"":[]}"
00000000000000000146,0.14226141999999997,0.85773858,Canada.KluaneLake.Gladstone-MixedTundra,"{""type"":""MultiPoint"",""coordinates"":[]}"
00000000000000000147,0.07165851999999939,0.9283414800000006,Canada.KluaneLake.Quill-MixedTundra,"{""type"":""MultiPoint"",""coordinates"":[]}"
0000000000000000018b,0.07165851999999939,0.9283414800000006,Canada.KluaneLake.Quill-MixedTundra,"{""type"":""MultiPoint"",""coordinates"":[]}"
000000000000000001d9,0.06814279999999939,0.9318572000000006,Canada.KluaneLake.Ruby-MixedTundra,"{""type"":""MultiPoint"",""coordinates"":[]}"
00000000000000000128,0.06988701999999936,0.9301129800000006,Canada.LeRoyLake.TD4,"{""type"":""MultiPoint"",""coordinates"":[]}"
000000000000000001a0,0.06988701999999936,0.9301129800000006,Canada.LeRoyLake.TD4,"{""type"":""MultiPoint"",""coordinates"":[]}"
00000000000000000091,0.06990079999999943,0.9300992000000006,Canada.LeRoyLake.TD7,"{""type"":""MultiPoint"",""coordinates"":[]}"
00000000000000000113,0.06814279999999939,0.9318572000000006,Canada.LeRoyLake.TDA3,"{""type"":""MultiPoint"",""coordinates"":[]}"
00000000000000000123,0.06814279999999939,0.9318572000000006,Canada.LeRoyLake.TDA3,"{""type"":""MultiPoint"",""coordinates"":[]}"
0000000000000000006b,0.06814279999999939,0.9318572000000006,Canada.LeRoyLake.TDA6,"{""type"":""MultiPoint"",""coordinates"":[]}"
000000000000000000ed,0.06814279999999939,0.9318572000000006,Canada.LeRoyLake.TDA6,"{""type"":""MultiPoint"",""coordinates"":[]}"
000000000000000000b7,0.06814279999999939,0.9318572000000006,Canada.Yukon.SCHAR,"{""type"":""MultiPoint"",""coordinates"":[]}"
00000000000000000119,0.06814279999999939,0.9318572000000006,Canada.Yukon.SCHAR,"{""type"":""MultiPoint"",""coordinates"":[]}"
0000000000000000008a,0.06814279999999939,0.9318572000000006,Canada.Yukon.SOUTHSTONEBOY,"{""type"":""MultiPoint"",""coordinates"":[]}"
00000000000000000100,0.06814279999999939,0.9318572000000006,Canada.Yukon.SOUTHSTONEBOY,"{""type"":""MultiPoint"",""coordinates"":[]}"
0000000000000000018e,0.06814279999999939,0.9318572000000006,Canada.Yukon.TOWYK,"{""type"":""MultiPoint"",""coordinates"":[]}"
00000000000000000166,0.06814279999999939,0.9318572000000006,Canada.Yukon.UPPERQUARRY,"{""type"":""MultiPoint"",""coordinates"":[]}"
00000000000000000054,0.12644359999999977,0.8735564000000002,Canada.Yukon.WHEATEAR,"{""type"":""MultiPoint"",""coordinates"":[]}"
00000000000000000143,0.06814279999999939,0.9318572000000006,Finland.Kevo.11,"{""type"":""MultiPoint"",""coordinates"":[]}"
000000000000000000b9,0.06814279999999939,0.9318572000000006,Finland.Kevo.12,"{""type"":""MultiPoint"",""coordinates"":[]}"
00000000000000000132,0.06814279999999939,0.9318572000000006,Finland.Kevo.12,"{""type"":""MultiPoint"",""coordinates"":[]}"
00000000000000000062,0.06814279999999939,0.9318572000000006,Finland.Kevo.4,"{""type"":""MultiPoint"",""coordinates"":[]}"
000000000000000000f7,0.06814279999999939,0.9318572000000006,Finland.Kevo.4,"{""type"":""MultiPoint"",""coordinates"":[]}"
00000000000000000014,0.06814279999999939,0.9318572000000006,Finland.Kevo.7,"{""type"":""MultiPoint"",""coordinates"":[]}"
000000000000000000b5,0.06814279999999939,0.9318572000000006,Finland.Kevo.7,"{""type"":""MultiPoint"",""coordinates"":[]}"
0000000000000000011a,0.06814279999999939,0.9318572000000006,Finland.Kevo.7,"{""type"":""MultiPoint"",""coordinates"":[]}"
000000000000000001a5,0.06814279999999939,0.9318572000000006,Finland.Kevo.8,"{""type"":""MultiPoint"",""coordinates"":[]}"
0000000000000000006a,0.06814279999999939,0.9318572000000006,Finland.Kevo.9,"{""type"":""MultiPoint"",""coordinates"":[]}"
00000000000000000025,0.06814279999999939,0.9318572000000006,Finland.Kilpisjarvi.18,"{""type"":""MultiPoint"",""coordinates"":[]}"
000000000000000000a7,0.06814279999999939,0.9318572000000006,Finland.Kilpisjarvi.18,"{""type"":""MultiPoint"",""coordinates"":[]}"
0000000000000000010a,0.06814279999999939,0.9318572000000006,Finland.Kilpisjarvi.20,"{""type"":""MultiPoint"",""coordinates"":[]}"
00000000000000000154,0.06814279999999939,0.9318572000000006,Russia.Tazovsky.Burned12,"{""type"":""MultiPoint"",""coordinates"":[]}"
00000000000000000115,0.06814279999999939,0.9318572000000006,Russia.Tazovsky.Burned28,"{""type"":""MultiPoint"",""coordinates"":[]}"
00000000000000000136,0.06814279999999939,0.9318572000000006,Russia.Tazovsky.Burned28,"{""type"":""MultiPoint"",""coordinates"":[]}"
000000000000000000e2,0.06814279999999939,0.9318572000000006,Russia.Tazovsky.Burned44,"{""type"":""MultiPoint"",""coordinates"":[]}"
000000000000000001a4,0.06814279999999939,0.9318572000000006,Russia.Tazovsky.Burned44,"{""type"":""MultiPoint"",""coordinates"":[]}"
00000000000000000159,0.08239901999999943,0.9176009800000006,Sweden.Abisko.KJ-MesicHeath,"{""type"":""MultiPoint"",""coordinates"":[]}"
0000000000000000003a,0.06814279999999939,0.9318572000000006,Sweden.Abisko.NF-DryHeath,"{""type"":""MultiPoint"",""coordinates"":[]}"
000000000000000000d0,0.06814279999999939,0.9318572000000006,Sweden.Abisko.NF-DryHeath,"{""type"":""MultiPoint"",""coordinates"":[]}"
0000000000000000017d,0.06814279999999939,0.9318572000000006,Sweden.Abisko.NF-SeasonallyFlooded,"{""type"":""MultiPoint"",""coordinates"":[]}"
0000000000000000019a,0.06814279999999939,0.9318572000000006,Sweden.Abisko.NF-SeasonallyFlooded,"{""type"":""MultiPoint"",""coordinates"":[]}"
00000000000000000173,0.07339589999999929,0.9266041000000007,Sweden.Abisko.NF-Wetland,"{""type"":""MultiPoint"",""coordinates"":[]}"
00000000000000000189,0.07339589999999929,0.9266041000000007,Sweden.Abisko.NF-Wetland,"{""type"":""MultiPoint"",""coordinates"":[]}"
00000000000000000086,0.06814279999999939,0.9318572000000006,Sweden.Abisko.NT-BirchShrub,"{""type"":""MultiPoint"",""coordinates"":[]}"
00000000000000000175,0.06814279999999939,0.9318572000000006,Sweden.Abisko.NT-BirchShrub,"{""type"":""MultiPoint"",""coordinates"":[]}"
000000000000000001b1,0.06814279999999939,0.9318572000000006,Sweden.Abisko.NT-BirchShrub,"{""type"":""MultiPoint"",""coordinates"":[]}"
000000000000000001ad,0.06814279999999939,0.9318572000000006,Sweden.Abisko.NT-DryHeath,"{""type"":""MultiPoint"",""coordinates"":[]}"
000000000000000001bf,0.06814279999999939,0.9318572000000006,Sweden.Abisko.NT-DryHeath,"{""type"":""MultiPoint"",""coordinates"":[]}"
00000000000000000017,0.06814279999999939,0.9318572000000006,Sweden.Abisko.NT-MesicHeath,"{""type"":""MultiPoint"",""coordinates"":[]}"
00000000000000000001,0.06814279999999939,0.9318572000000006,Sweden.Abisko.VJ-BirchShrub,"{""type"":""MultiPoint"",""coordinates"":[]}"
00000000000000000179,0.06814279999999939,0.9318572000000006,Sweden.Abisko.VJ-BirchShrub,"{""type"":""MultiPoint"",""coordinates"":[]}"
00000000000000000103,0.06814279999999939,0.9318572000000006,Sweden.Abisko.VJ-DryHeath,"{""type"":""MultiPoint"",""coordinates"":[]}"
000000000000000001b5,0.06814279999999939,0.9318572000000006,Sweden.Abisko.VJ-MesicHeath,"{""type"":""MultiPoint"",""coordinates"":[]}"
0000000000000000007b,0.06814279999999939,0.9318572000000006,Sweden.Abisko.VJ-SalixShrub,"{""type"":""MultiPoint"",""coordinates"":[]}"
0000000000000000002f,0.06814279999999939,0.9318572000000006,USA.BrooksRange.6,"{""type"":""MultiPoint"",""coordinates"":[]}"
00000000000000000164,0.06814279999999939,0.9318572000000006,USA.BrooksRange.7,"{""type"":""MultiPoint"",""coordinates"":[]}"
0000000000000000011b,0.06814279999999939,0.9318572000000006,USA.InteriorAlaska.AMSUMMIT,"{""type"":""MultiPoint"",""coordinates"":[]}"
0000000000000000016c,0.06814279999999939,0.9318572000000006,USA.InteriorAlaska.AMSUMMIT,"{""type"":""MultiPoint"",""coordinates"":[]}"
000000000000000001d0,0.06814279999999939,0.9318572000000006,USA.InteriorAlaska.EXCELSIOR,"{""type"":""MultiPoint"",""coordinates"":[]}"
00000000000000000042,0.06814279999999939,0.9318572000000006,USA.InteriorAlaska.FRYINGPAN,"{""type"":""MultiPoint"",""coordinates"":[]}"
000000000000000000ba,0.06814279999999939,0.9318572000000006,USA.InteriorAlaska.LOWERQUARRY,"{""type"":""MultiPoint"",""coordinates"":[]}"
0000000000000000019e,0.8892208939999999,0.11077910600000002,nonveg_1132,"{""type"":""MultiPoint"",""coordinates"":[]}"
0000000000000000000f,0.956289666,0.04371033400000006,nonveg_1172,"{""type"":""MultiPoint"",""coordinates"":[]}"
0000000000000000012d,0.956289666,0.04371033400000006,nonveg_1241,"{""type"":""MultiPoint"",""coordinates"":[]}"
000000000000000000d9,0.956289666,0.04371033400000006,nonveg_1290,"{""type"":""MultiPoint"",""coordinates"":[]}"
0000000000000000013e,0.956289666,0.04371033400000006,nonveg_1290,"{""type"":""MultiPoint"",""coordinates"":[]}"
00000000000000000158,0.956289666,0.04371033400000006,nonveg_1290,"{""type"":""MultiPoint"",""coordinates"":[]}"
000000000000000000bc,0.956289666,0.04371033400000006,nonveg_1316,"{""type"":""MultiPoint"",""coordinates"":[]}"
000000000000000000df,0.956289666,0.04371033400000006,nonveg_1316,"{""type"":""MultiPoint"",""coordinates"":[]}"
00000000000000000052,0.9545456859999999,0.04545431400000007,nonveg_1442,"{""type"":""MultiPoint"",""coordinates"":[]}"
000000000000000001a9,0.9545456859999999,0.04545431400000007,nonveg_1442,"{""type"":""MultiPoint"",""coordinates"":[]}"
00000000000000000039,0.956289666,0.04371033400000006,nonveg_1469,"{""type"":""MultiPoint"",""coordinates"":[]}"
0000000000000000013b,0.956289666,0.04371033400000006,nonveg_1469,"{""type"":""MultiPoint"",""coordinates"":[]}"
0000000000000000008d,0.956289666,0.04371033400000006,nonveg_1509,"{""type"":""MultiPoint"",""coordinates"":[]}"
0000000000000000012a,0.956289666,0.04371033400000006,nonveg_1509,"{""type"":""MultiPoint"",""coordinates"":[]}"
00000000000000000090,0.956289666,0.04371033400000006,nonveg_1677,"{""type"":""MultiPoint"",""coordinates"":[]}"
0000000000000000013c,0.956289666,0.04371033400000006,nonveg_1677,"{""type"":""MultiPoint"",""coordinates"":[]}"
000000000000000000ea,0.956289666,0.04371033400000006,nonveg_1794,"{""type"":""MultiPoint"",""coordinates"":[]}"
00000000000000000009,0.954521106,0.04547889400000007,nonveg_1968,"{""type"":""MultiPoint"",""coordinates"":[]}"
00000000000000000099,0.954521106,0.04547889400000007,nonveg_1968,"{""type"":""MultiPoint"",""coordinates"":[]}"
00000000000000000000,0.956289666,0.04371033400000006,nonveg_572,"{""type"":""MultiPoint"",""coordinates"":[]}"
00000000000000000169,0.956289666,0.04371033400000006,nonveg_572,"{""type"":""MultiPoint"",""coordinates"":[]}"
0000000000000000018a,0.956289666,0.04371033400000006,nonveg_572,"{""type"":""MultiPoint"",""coordinates"":[]}"
0000000000000000000e,0.956289666,0.04371033400000006,nonveg_592,"{""type"":""MultiPoint"",""coordinates"":[]}"
00000000000000000022,0.956289666,0.04371033400000006,nonveg_592,"{""type"":""MultiPoint"",""coordinates"":[]}"
00000000000000000176,0.956289666,0.04371033400000006,nonveg_592,"{""type"":""MultiPoint"",""coordinates"":[]}"
0000000000000000004b,0.956289666,0.04371033400000006,nonveg_593,"{""type"":""MultiPoint"",""coordinates"":[]}"
000000000000000000f9,0.9492756659999999,0.05072433400000006,nonveg_606,"{""type"":""MultiPoint"",""coordinates"":[]}"
0000000000000000012f,0.9492756659999999,0.05072433400000006,nonveg_606,"{""type"":""MultiPoint"",""coordinates"":[]}"
0000000000000000001f,0.949187208,0.050812792000000044,nonveg_619,"{""type"":""MultiPoint"",""coordinates"":[]}"
000000000000000000fc,0.934897994,0.06510200600000002,nonveg_647,"{""type"":""MultiPoint"",""coordinates"":[]}"
00000000000000000150,0.934897994,0.06510200600000002,nonveg_647,"{""type"":""MultiPoint"",""coordinates"":[]}"
0000000000000000009c,0.956289666,0.04371033400000006,nonveg_681,"{""type"":""MultiPoint"",""coordinates"":[]}"
0000000000000000000c,0.956289666,0.04371033400000006,nonveg_682,"{""type"":""MultiPoint"",""coordinates"":[]}"
00000000000000000019,0.956289666,0.04371033400000006,nonveg_682,"{""type"":""MultiPoint"",""coordinates"":[]}"
000000000000000000f1,0.956289666,0.04371033400000006,nonveg_682,"{""type"":""MultiPoint"",""coordinates"":[]}"
00000000000000000155,0.956289666,0.04371033400000006,nonveg_695,"{""type"":""MultiPoint"",""coordinates"":[]}"
00000000000000000093,0.43769601199999975,0.5623039880000003,nonveg_701,"{""type"":""MultiPoint"",""coordinates"":[]}"
00000000000000000034,0.954528426,0.04547157400000006,nonveg_725,"{""type"":""MultiPoint"",""coordinates"":[]}"
0000000000000000001a,0.956289666,0.04371033400000006,nonveg_736,"{""type"":""MultiPoint"",""coordinates"":[]}"
000000000000000000ff,0.956289666,0.04371033400000006,nonveg_736,"{""type"":""MultiPoint"",""coordinates"":[]}"
000000000000000000ad,0.956289666,0.04371033400000006,nonveg_794,"{""type"":""MultiPoint"",""coordinates"":[]}"
00000000000000000026,0.952759866,0.047240134000000066,nonveg_807,"{""type"":""MultiPoint"",""coordinates"":[]}"
0000000000000000014d,0.952759866,0.047240134000000066,nonveg_807,"{""type"":""MultiPoint"",""coordinates"":[]}"
00000000000000000059,0.956289666,0.04371033400000006,nonveg_814,"{""type"":""MultiPoint"",""coordinates"":[]}"
0000000000000000008b,0.956289666,0.04371033400000006,nonveg_814,"{""type"":""MultiPoint"",""coordinates"":[]}"
00000000000000000195,0.956289666,0.04371033400000006,nonveg_814,"{""type"":""MultiPoint"",""coordinates"":[]}"
00000000000000000168,0.956289666,0.04371033400000006,nonveg_816,"{""type"":""MultiPoint"",""coordinates"":[]}"
000000000000000001d8,0.917685426,0.08231457400000003,nonveg_851,"{""type"":""MultiPoint"",""coordinates"":[]}"
00000000000000000024,0.956289666,0.04371033400000006,nonveg_870,"{""type"":""MultiPoint"",""coordinates"":[]}"
00000000000000000156,0.956289666,0.04371033400000006,nonveg_870,"{""type"":""MultiPoint"",""coordinates"":[]}"
0000000000000000018d,0.956289666,0.04371033400000006,nonveg_870,"{""type"":""MultiPoint"",""coordinates"":[]}"
00000000000000000036,0.956289666,0.04371033400000006,nonveg_903,"{""type"":""MultiPoint"",""coordinates"":[]}"
0000000000000000015a,0.956289666,0.04371033400000006,nonveg_915,"{""type"":""MultiPoint"",""coordinates"":[]}"
000000000000000000f2,0.956289666,0.04371033400000006,nonveg_919,"{""type"":""MultiPoint"",""coordinates"":[]}"
00000000000000000111,0.956289666,0.04371033400000006,nonveg_919,"{""type"":""MultiPoint"",""coordinates"":[]}"
00000000000000000078,0.956289666,0.04371033400000006,nonveg_921,"{""type"":""MultiPoint"",""coordinates"":[]}"
000000000000000001a2,0.956289666,0.04371033400000006,nonveg_935,"{""type"":""MultiPoint"",""coordinates"":[]}"
000000000000000000ae,0.956289666,0.04371033400000006,nonveg_986,"{""type"":""MultiPoint"",""coordinates"":[]}"
000000000000000001b7,0.956289666,0.04371033400000006,nonveg_986,"{""type"":""MultiPoint"",""coordinates"":[]}"
000000000000000000ec,0.931703946,0.06829605400000004,nonveg_991,"{""type"":""MultiPoint"",""coordinates"":[]}"
0000000000000000004d,0.06814279999999939,0.9318572000000006,Canada.ChukotkaRiver.TH1,"{""type"":""MultiPoint"",""coordinates"":[]}"
0000000000000000003b,0.06814279999999939,0.9318572000000006,Canada.ChukotkaRiver.TH4,"{""type"":""MultiPoint"",""coordinates"":[]}"
000000000000000000d6,0.06814279999999939,0.9318572000000006,Canada.ChukotkaRiver.TH4,"{""type"":""MultiPoint"",""coordinates"":[]}"
00000000000000000110,0.14261157999999974,0.8573884200000003,Canada.ChukotkaRiver.TH5,"{""type"":""MultiPoint"",""coordinates"":[]}"
000000000000000000c6,0.06814279999999939,0.9318572000000006,Canada.ChukotkaRiver.TPO2,"{""type"":""MultiPoint"",""coordinates"":[]}"
000000000000000000d8,0.06814279999999939,0.9318572000000006,Canada.ChukotkaRiver.TPO2,"{""type"":""MultiPoint"",""coordinates"":[]}"
000000000000000001ba,0.12829717999999968,0.8717028200000003,Canada.ChukotkaRiver.TPO5,"{""type"":""MultiPoint"",""coordinates"":[]}"
0000000000000000007f,0.06814279999999939,0.9318572000000006,Canada.CoutureLake.TD7,"{""type"":""MultiPoint"",""coordinates"":[]}"
00000000000000000030,0.06814279999999939,0.9318572000000006,Canada.CoutureLake.TDA7,"{""type"":""MultiPoint"",""coordinates"":[]}"
0000000000000000018c,0.06814279999999939,0.9318572000000006,Canada.CoutureLake.TDA7,"{""type"":""MultiPoint"",""coordinates"":[]}"
0000000000000000010e,0.06814279999999939,0.9318572000000006,Canada.DaringLake.LowBirch,"{""type"":""MultiPoint"",""coordinates"":[]}"
00000000000000000122,0.06814279999999939,0.9318572000000006,Canada.DaringLake.MediumBirch,"{""type"":""MultiPoint"",""coordinates"":[]}"
00000000000000000056,0.06814279999999939,0.9318572000000006,Canada.DaringLake.Tower1-DwarfShrub,"{""type"":""MultiPoint"",""coordinates"":[]}"
00000000000000000089,0.06814279999999939,0.9318572000000006,Canada.DaringLake.Tower1-DwarfShrub,"{""type"":""MultiPoint"",""coordinates"":[]}"
000000000000000000bf,0.06814279999999939,0.9318572000000006,Canada.DaringLake.Tower1-MixedTundra,"{""type"":""MultiPoint"",""coordinates"":[]}"
0000000000000000011e,0.06814279999999939,0.9318572000000006,Canada.DaringLake.Tower1-MixedTundra,"{""type"":""MultiPoint"",""coordinates"":[]}"
0000000000000000012c,0.06814279999999939,0.9318572000000006,Canada.DaringLake.Tower1-MixedTundra,"{""type"":""MultiPoint"",""coordinates"":[]}"
000000000000000001c0,0.08415701999999947,0.9158429800000005,Canada.DaringLake.Tower1-SedgeHollow,"{""type"":""MultiPoint"",""coordinates"":[]}"
0000000000000000005e,0.06814279999999939,0.9318572000000006,Canada.DaringLake.Tower1-SedgeTussock,"{""type"":""MultiPoint"",""coordinates"":[]}"
00000000000000000135,0.06814279999999939,0.9318572000000006,Canada.DaringLake.Tower1-SedgeTussock,"{""type"":""MultiPoint"",""coordinates"":[]}"
00000000000000000116,0.06992329999999924,0.9300767000000008,Canada.DaringLake.Tower2-SedgeFen,"{""type"":""MultiPoint"",""coordinates"":[]}"
000000000000000001a7,0.06992329999999924,0.9300767000000008,Canada.DaringLake.Tower2-SedgeFen,"{""type"":""MultiPoint"",""coordinates"":[]}"
000000000000000000e8,0.06814279999999939,0.9318572000000006,Canada.DaringLake.Tower3-DwarfShrub-1,"{""type"":""MultiPoint"",""coordinates"":[]}"
00000000000000000013,0.06814279999999939,0.9318572000000006,Canada.DaringLake.Tower3-DwarfShrub-2,"{""type"":""MultiPoint"",""coordinates"":[]}"
0000000000000000011f,0.06814279999999939,0.9318572000000006,Canada.DaringLake.Tower3-DwarfShrub-2,"{""type"":""MultiPoint"",""coordinates"":[]}"
00000000000000000035,0.06814279999999939,0.9318572000000006,Canada.DaringLake.Tower4-LowShrub-2,"{""type"":""MultiPoint"",""coordinates"":[]}"
0000000000000000002e,0.06814279999999939,0.9318572000000006,Canada.DeceptionBay.BEGL1,"{""type"":""MultiPoint"",""coordinates"":[]}"
000000000000000000c7,0.06814279999999939,0.9318572000000006,Canada.DeceptionBay.BEGL1,"{""type"":""MultiPoint"",""coordinates"":[]}"
000000000000000000e3,0.06814279999999939,0.9318572000000006,Canada.DeceptionBay.BEGL2,"{""type"":""MultiPoint"",""coordinates"":[]}"
0000000000000000010f,0.06814279999999939,0.9318572000000006,Canada.DeceptionBay.BEGL2,"{""type"":""MultiPoint"",""coordinates"":[]}"
00000000000000000023,0.06814279999999939,0.9318572000000006,Canada.DeceptionBay.BEGL3,"{""type"":""MultiPoint"",""coordinates"":[]}"
00000000000000000087,0.08411079999999949,0.9158892000000005,Canada.DeceptionBay.TH6,"{""type"":""MultiPoint"",""coordinates"":[]}"
00000000000000000029,0.08411079999999949,0.9158892000000005,Canada.DeceptionBay.TH7,"{""type"":""MultiPoint"",""coordinates"":[]}"
000000000000000001bb,0.08411079999999949,0.9158892000000005,Canada.DeceptionBay.TH7,"{""type"":""MultiPoint"",""coordinates"":[]}"
0000000000000000003d,0.06814279999999939,0.9318572000000006,Canada.DeceptionBay.TH8,"{""type"":""MultiPoint"",""coordinates"":[]}"
0000000000000000005f,0.06814279999999939,0.9318572000000006,Canada.DeceptionBay.TH8,"{""type"":""MultiPoint"",""coordinates"":[]}"
0000000000000000007c,0.8093115719999999,0.19068842800000005,Canada.Ivujivik.RTP12,"{""type"":""MultiPoint"",""coordinates"":[]}"
0000000000000000009b,0.956289666,0.04371033400000006,Canada.Ivujivik.RTP13,"{""type"":""MultiPoint"",""coordinates"":[]}"
0000000000000000017a,0.956289666,0.04371033400000006,Canada.Ivujivik.RTP13,"{""type"":""MultiPoint"",""coordinates"":[]}"
000000000000000000f8,0.945652156,0.05434784400000003,Canada.Ivujivik.TP10,"{""type"":""MultiPoint"",""coordinates"":[]}"
0000000000000000006f,0.7774899599999999,0.22251004000000008,Canada.Ivujivik.TP12,"{""type"":""MultiPoint"",""coordinates"":[]}"
000000000000000000ab,0.7774899599999999,0.22251004000000008,Canada.Ivujivik.TP12,"{""type"":""MultiPoint"",""coordinates"":[]}"
000000000000000001c1,0.7774899599999999,0.22251004000000008,Canada.Ivujivik.TP12,"{""type"":""MultiPoint"",""coordinates"":[]}"
000000000000000001c5,0.7774899599999999,0.22251004000000008,Canada.Ivujivik.TP12,"{""type"":""MultiPoint"",""coordinates"":[]}"
000000000000000000b2,0.07169959999999942,0.9283004000000006,Canada.PayneLake.TD0,"{""type"":""MultiPoint"",""coordinates"":[]}"
000000000000000000db,0.07169959999999942,0.9283004000000006,Canada.PayneLake.TD0,"{""type"":""MultiPoint"",""coordinates"":[]}"
0000000000000000002c,0.06814279999999939,0.9318572000000006,Canada.PayneLake.TDA3,"{""type"":""MultiPoint"",""coordinates"":[]}"
00000000000000000011,0.06814279999999939,0.9318572000000006,Canada.Yukon.SPRINGRIVER,"{""type"":""MultiPoint"",""coordinates"":[]}"
000000000000000001cd,0.06814279999999939,0.9318572000000006,Canada.Yukon.SPRINGRIVER,"{""type"":""MultiPoint"",""coordinates"":[]}"
000000000000000000b6,0.06814279999999939,0.9318572000000006,Russia.Kolyma.OW1,"{""type"":""MultiPoint"",""coordinates"":[]}"
000000000000000000d5,0.06814279999999939,0.9318572000000006,Russia.Kolyma.T2,"{""type"":""MultiPoint"",""coordinates"":[]}"
000000000000000000e1,0.06814279999999939,0.9318572000000006,Russia.Kolyma.WT1,"{""type"":""MultiPoint"",""coordinates"":[]}"
00000000000000000126,0.06814279999999939,0.9318572000000006,Russia.Kolyma.WT1,"{""type"":""MultiPoint"",""coordinates"":[]}"
0000000000000000019d,0.06814279999999939,0.9318572000000006,Russia.Kolyma.WT1,"{""type"":""MultiPoint"",""coordinates"":[]}"
00000000000000000002,0.06814279999999939,0.9318572000000006,Russia.Kytalyk.T2,"{""type"":""MultiPoint"",""coordinates"":[]}"
00000000000000000073,0.06814279999999939,0.9318572000000006,Russia.Kytalyk.T2,"{""type"":""MultiPoint"",""coordinates"":[]}"
000000000000000000ee,0.06814279999999939,0.9318572000000006,Russia.Kytalyk.T2,"{""type"":""MultiPoint"",""coordinates"":[]}"
0000000000000000003c,0.06814279999999939,0.9318572000000006,Russia.Kytalyk.T3,"{""type"":""MultiPoint"",""coordinates"":[]}"
000000000000000000b0,0.06814279999999939,0.9318572000000006,Russia.Kytalyk.T3,"{""type"":""MultiPoint"",""coordinates"":[]}"
000000000000000000da,0.06814279999999939,0.9318572000000006,Russia.Kytalyk.T3,"{""type"":""MultiPoint"",""coordinates"":[]}"
000000000000000000a6,0.933447454,0.06655254600000007,Russia.Tiksi.BareSoil,"{""type"":""MultiPoint"",""coordinates"":[]}"
00000000000000000072,0.06814279999999939,0.9318572000000006,Russia.Tiksi.FloodMeadow,"{""type"":""MultiPoint"",""coordinates"":[]}"
000000000000000000cd,0.06814279999999939,0.9318572000000006,Russia.Tiksi.FloodMeadow,"{""type"":""MultiPoint"",""coordinates"":[]}"
000000000000000000d4,0.08949225999999955,0.9105077400000005,Russia.Tiksi.LichenTundra,"{""type"":""MultiPoint"",""coordinates"":[]}"
00000000000000000057,0.06814279999999939,0.9318572000000006,Russia.Tiksi.ShrubTundra,"{""type"":""MultiPoint"",""coordinates"":[]}"
00000000000000000180,0.06814279999999939,0.9318572000000006,Russia.Tiksi.ShrubTundra,"{""type"":""MultiPoint"",""coordinates"":[]}"
00000000000000000063,0.06814279999999939,0.9318572000000006,Russia.Yamal.Laborovaya-1,"{""type"":""MultiPoint"",""coordinates"":[]}"
000000000000000000cc,0.06814279999999939,0.9318572000000006,Russia.Yamal.VaskinyDachi-1,"{""type"":""MultiPoint"",""coordinates"":[]}"
0000000000000000011d,0.06814279999999939,0.9318572000000006,Russia.Yamal.VaskinyDachi-2,"{""type"":""MultiPoint"",""coordinates"":[]}"
000000000000000000c2,0.06814279999999939,0.9318572000000006,USA.BrooksRange.8,"{""type"":""MultiPoint"",""coordinates"":[]}"
00000000000000000008,0.06814279999999939,0.9318572000000006,USA.InteriorAlaska.BABBAGE,"{""type"":""MultiPoint"",""coordinates"":[]}"
0000000000000000017c,0.06814279999999939,0.9318572000000006,USA.InteriorAlaska.CALF,"{""type"":""MultiPoint"",""coordinates"":[]}"
0000000000000000015b,0.06814279999999939,0.9318572000000006,USA.Kougaork.TallShrub,"{""type"":""MultiPoint"",""coordinates"":[]}"
00000000000000000033,0.06814279999999939,0.9318572000000006,USA.NorthSlope.10,"{""type"":""MultiPoint"",""coordinates"":[]}"
00000000000000000149,0.06814279999999939,0.9318572000000006,USA.NorthSlope.11,"{""type"":""MultiPoint"",""coordinates"":[]}"
00000000000000000131,0.06814279999999939,0.9318572000000006,USA.NorthSlope.14,"{""type"":""MultiPoint"",""coordinates"":[]}"
00000000000000000194,0.08593519999999932,0.9140648000000007,USA.NorthSlope.15,"{""type"":""MultiPoint"",""coordinates"":[]}"
0000000000000000007d,0.07159879999999941,0.9284012000000006,USA.NorthSlope.16,"{""type"":""MultiPoint"",""coordinates"":[]}"
0000000000000000019f,0.07165851999999939,0.9283414800000006,USA.NorthSlope.9,"{""type"":""MultiPoint"",""coordinates"":[]}"
00000000000000000040,0.1298995999999999,0.8701004000000001,USA.NorthSlope.Atqasuk,"{""type"":""MultiPoint"",""coordinates"":[]}"
0000000000000000016a,0.06814279999999939,0.9318572000000006,USA.NorthSlope.Deadhorse-C15,"{""type"":""MultiPoint"",""coordinates"":[]}"
00000000000000000141,0.06990079999999943,0.9300992000000006,USA.NorthSlope.Deadhorse-C16,"{""type"":""MultiPoint"",""coordinates"":[]}"
000000000000000000e0,0.14245753999999988,0.8575424600000001,USA.NorthSlope.FranklinBluffs-C17,"{""type"":""MultiPoint"",""coordinates"":[]}"
000000000000000000f0,0.14245753999999988,0.8575424600000001,USA.NorthSlope.FranklinBluffs-C17,"{""type"":""MultiPoint"",""coordinates"":[]}"
00000000000000000012,0.06814279999999939,0.9318572000000006,USA.NorthSlope.HappyValley-C18,"{""type"":""MultiPoint"",""coordinates"":[]}"
00000000000000000081,0.06814279999999939,0.9318572000000006,USA.NorthSlope.HappyValley-C19,"{""type"":""MultiPoint"",""coordinates"":[]}"
000000000000000000b8,0.06814279999999939,0.9318572000000006,USA.NorthSlope.Ivotuk1,"{""type"":""MultiPoint"",""coordinates"":[]}"
000000000000000000a5,0.06814279999999939,0.9318572000000006,USA.NorthSlope.Ivotuk3,"{""type"":""MultiPoint"",""coordinates"":[]}"
0000000000000000016b,0.06814279999999939,0.9318572000000006,USA.NorthSlope.Ivotuk3,"{""type"":""MultiPoint"",""coordinates"":[]}"
000000000000000001d6,0.06814279999999939,0.9318572000000006,USA.NorthSlope.Ivotuk3,"{""type"":""MultiPoint"",""coordinates"":[]}"
0000000000000000015c,0.06814279999999939,0.9318572000000006,USA.NorthSlope.Oumalik1,"{""type"":""MultiPoint"",""coordinates"":[]}"
0000000000000000005a,0.06814279999999939,0.9318572000000006,USA.NorthSlope.Oumalik2,"{""type"":""MultiPoint"",""coordinates"":[]}"
00000000000000000070,0.06814279999999939,0.9318572000000006,USA.NorthSlope.Oumalik2,"{""type"":""MultiPoint"",""coordinates"":[]}"
00000000000000000174,0.06814279999999939,0.9318572000000006,USA.NorthSlope.Oumalik2,"{""type"":""MultiPoint"",""coordinates"":[]}"
00000000000000000192,0.06814279999999939,0.9318572000000006,USA.NorthSlope.Sagwon-C15,"{""type"":""MultiPoint"",""coordinates"":[]}"
0000000000000000006c,0.06814279999999939,0.9318572000000006,USA.NorthSlope.Sagwon-C18,"{""type"":""MultiPoint"",""coordinates"":[]}"
00000000000000000144,0.06814279999999939,0.9318572000000006,USA.NorthSlope.Sagwon-C18,"{""type"":""MultiPoint"",""coordinates"":[]}"
00000000000000000083,0.06814279999999939,0.9318572000000006,USA.NorthSlope.Sagwon-C19,"{""type"":""MultiPoint"",""coordinates"":[]}"
000000000000000000d1,0.06814279999999939,0.9318572000000006,USA.SewardPeninsula.QuartzCreek2,"{""type"":""MultiPoint"",""coordinates"":[]}"
00000000000000000183,0.06814279999999939,0.9318572000000006,USA.SewardPeninsula.QuartzCreek2,"{""type"":""MultiPoint"",""coordinates"":[]}"
000000000000000001c4,0.06814279999999939,0.9318572000000006,USA.SewardPeninsula.QuartzCreek2,"{""type"":""MultiPoint"",""coordinates"":[]}"
00000000000000000041,0.06814279999999939,0.9318572000000006,USA.SewardPeninsula.QuartzCreek3,"{""type"":""MultiPoint"",""coordinates"":[]}"
00000000000000000121,0.06814279999999939,0.9318572000000006,USA.Toolik.S1,"{""type"":""MultiPoint"",""coordinates"":[]}"
00000000000000000148,0.06814279999999939,0.9318572000000006,USA.Toolik.S1,"{""type"":""MultiPoint"",""coordinates"":[]}"
0000000000000000008f,0.06814279999999939,0.9318572000000006,USA.Toolik.S3,"{""type"":""MultiPoint"",""coordinates"":[]}"
00000000000000000157,0.06814279999999939,0.9318572000000006,USA.Toolik.S3,"{""type"":""MultiPoint"",""coordinates"":[]}"
0000000000000000010b,0.08593005999999948,0.9140699400000005,USA.YukonKuskokwimDelta.1,"{""type"":""MultiPoint"",""coordinates"":[]}"
00000000000000000160,0.06814279999999939,0.9318572000000006,USA.YukonKuskokwimDelta.15B1,"{""type"":""MultiPoint"",""coordinates"":[]}"
000000000000000000c4,0.06814279999999939,0.9318572000000006,USA.YukonKuskokwimDelta.15B3,"{""type"":""MultiPoint"",""coordinates"":[]}"
000000000000000000a4,0.06814279999999939,0.9318572000000006,USA.YukonKuskokwimDelta.15B5,"{""type"":""MultiPoint"",""coordinates"":[]}"
00000000000000000140,0.06814279999999939,0.9318572000000006,USA.YukonKuskokwimDelta.15B5,"{""type"":""MultiPoint"",""coordinates"":[]}"
00000000000000000134,0.06814279999999939,0.9318572000000006,USA.YukonKuskokwimDelta.15B7,"{""type"":""MultiPoint"",""coordinates"":[]}"
0000000000000000009e,0.06814279999999939,0.9318572000000006,USA.YukonKuskokwimDelta.2,"{""type"":""MultiPoint"",""coordinates"":[]}"
000000000000000000a0,0.06814279999999939,0.9318572000000006,USA.YukonKuskokwimDelta.6,"{""type"":""MultiPoint"",""coordinates"":[]}"
000000000000000000a3,0.06814279999999939,0.9318572000000006,USA.YukonKuskokwimDelta.72B1,"{""type"":""MultiPoint"",""coordinates"":[]}"
00000000000000000181,0.06814279999999939,0.9318572000000006,USA.YukonKuskokwimDelta.72B1,"{""type"":""MultiPoint"",""coordinates"":[]}"
000000000000000001c6,0.06814279999999939,0.9318572000000006,USA.YukonKuskokwimDelta.72B1,"{""type"":""MultiPoint"",""coordinates"":[]}"
00000000000000000032,0.06814279999999939,0.9318572000000006,USA.YukonKuskokwimDelta.72B2,"{""type"":""MultiPoint"",""coordinates"":[]}"
000000000000000000cf,0.06814279999999939,0.9318572000000006,USA.YukonKuskokwimDelta.72B3,"{""type"":""MultiPoint"",""coordinates"":[]}"
00000000000000000058,0.06814279999999939,0.9318572000000006,USA.YukonKuskokwimDelta.U,"{""type"":""MultiPoint"",""coordinates"":[]}"
00000000000000000170,0.06814279999999939,0.9318572000000006,USA.YukonKuskokwimDelta.UB3,"{""type"":""MultiPoint"",""coordinates"":[]}"
000000000000000000fb,0.06814279999999939,0.9318572000000006,USA.YukonKuskokwimDelta.UB5,"{""type"":""MultiPoint"",""coordinates"":[]}"
00000000000000000047,0.06814279999999939,0.9318572000000006,USA.YukonKuskokwimDelta.UB6,"{""type"":""MultiPoint"",""coordinates"":[]}"
00000000000000000120,0.06814279999999939,0.9318572000000006,USA.YukonKuskokwimDelta.UB6,"{""type"":""MultiPoint"",""coordinates"":[]}"
000000000000000001b9,0.06814279999999939,0.9318572000000006,USA.YukonKuskokwimDelta.UB6,"{""type"":""MultiPoint"",""coordinates"":[]}"
0000000000000000014b,0.06814279999999939,0.9318572000000006,USA.YukonKuskokwimDelta.UB7,"{""type"":""MultiPoint"",""coordinates"":[]}"
00000000000000000006,0.956289666,0.04371033400000006,nonveg_1268,"{""type"":""MultiPoint"",""coordinates"":[]}"
0000000000000000013f,0.956289666,0.04371033400000006,nonveg_1268,"{""type"":""MultiPoint"",""coordinates"":[]}"
00000000000000000079,0.956289666,0.04371033400000006,nonveg_1547,"{""type"":""MultiPoint"",""coordinates"":[]}"
00000000000000000125,0.956289666,0.04371033400000006,nonveg_1547,"{""type"":""MultiPoint"",""coordinates"":[]}"
000000000000000001bd,0.956289666,0.04371033400000006,nonveg_1547,"{""type"":""MultiPoint"",""coordinates"":[]}"
000000000000000000fa,0.16939818000000006,0.8306018199999999,nonveg_1607,"{""type"":""MultiPoint"",""coordinates"":[]}"
00000000000000000061,0.944027266,0.05597273400000006,nonveg_1626,"{""type"":""MultiPoint"",""coordinates"":[]}"
0000000000000000001e,0.956289666,0.04371033400000006,nonveg_1642,"{""type"":""MultiPoint"",""coordinates"":[]}"
00000000000000000018,0.956289666,0.04371033400000006,nonveg_1646,"{""type"":""MultiPoint"",""coordinates"":[]}"
00000000000000000071,0.956289666,0.04371033400000006,nonveg_1646,"{""type"":""MultiPoint"",""coordinates"":[]}"
0000000000000000017e,0.956289666,0.04371033400000006,nonveg_1654,"{""type"":""MultiPoint"",""coordinates"":[]}"
000000000000000001ac,0.956289666,0.04371033400000006,nonveg_1654,"{""type"":""MultiPoint"",""coordinates"":[]}"
0000000000000000007e,0.956289666,0.04371033400000006,nonveg_1720,"{""type"":""MultiPoint"",""coordinates"":[]}"
0000000000000000004e,0.956289666,0.04371033400000006,nonveg_1736,"{""type"":""MultiPoint"",""coordinates"":[]}"
00000000000000000082,0.956289666,0.04371033400000006,nonveg_1736,"{""type"":""MultiPoint"",""coordinates"":[]}"
00000000000000000005,0.956289666,0.04371033400000006,nonveg_1810,"{""type"":""MultiPoint"",""coordinates"":[]}"
00000000000000000074,0.956289666,0.04371033400000006,nonveg_1810,"{""type"":""MultiPoint"",""coordinates"":[]}"
0000000000000000015f,0.956289666,0.04371033400000006,nonveg_1810,"{""type"":""MultiPoint"",""coordinates"":[]}"
0000000000000000009a,0.73114834,0.26885166000000005,nonveg_1813,"{""type"":""MultiPoint"",""coordinates"":[]}"
000000000000000000b3,0.73114834,0.26885166000000005,nonveg_1813,"{""type"":""MultiPoint"",""coordinates"":[]}"
00000000000000000130,0.73114834,0.26885166000000005,nonveg_1813,"{""type"":""MultiPoint"",""coordinates"":[]}"
0000000000000000005d,0.956289666,0.04371033400000006,nonveg_1888,"{""type"":""MultiPoint"",""coordinates"":[]}"
00000000000000000069,0.956289666,0.04371033400000006,nonveg_1888,"{""type"":""MultiPoint"",""coordinates"":[]}"
000000000000000000b1,0.956289666,0.04371033400000006,nonveg_1888,"{""type"":""MultiPoint"",""coordinates"":[]}"
000000000000000000a1,0.956289666,0.04371033400000006,nonveg_1889,"{""type"":""MultiPoint"",""coordinates"":[]}"
000000000000000000e9,0.956289666,0.04371033400000006,nonveg_1889,"{""type"":""MultiPoint"",""coordinates"":[]}"
00000000000000000021,0.956289666,0.04371033400000006,nonveg_576,"{""type"":""MultiPoint"",""coordinates"":[]}"
00000000000000000045,0.956289666,0.04371033400000006,nonveg_576,"{""type"":""MultiPoint"",""coordinates"":[]}"
00000000000000000048,0.956289666,0.04371033400000006,nonveg_576,"{""type"":""MultiPoint"",""coordinates"":[]}"
0000000000000000008c,0.956289666,0.04371033400000006,nonveg_576,"{""type"":""MultiPoint"",""coordinates"":[]}"
0000000000000000012b,0.81287435,0.18712565,nonveg_600,"{""type"":""MultiPoint"",""coordinates"":[]}"
000000000000000001d2,0.81287435,0.18712565,nonveg_600,"{""type"":""MultiPoint"",""coordinates"":[]}"
00000000000000000142,0.947443228,0.05255677200000003,nonveg_612,"{""type"":""MultiPoint"",""coordinates"":[]}"
00000000000000000066,0.956289666,0.04371033400000006,nonveg_616,"{""type"":""MultiPoint"",""coordinates"":[]}"
00000000000000000084,0.956289666,0.04371033400000006,nonveg_616,"{""type"":""MultiPoint"",""coordinates"":[]}"
0000000000000000002b,0.9405061459999999,0.059493854000000033,nonveg_627,"{""type"":""MultiPoint"",""coordinates"":[]}"
00000000000000000065,0.9405061459999999,0.059493854000000033,nonveg_627,"{""type"":""MultiPoint"",""coordinates"":[]}"
00000000000000000051,0.76869854,0.23130146,nonveg_632,"{""type"":""MultiPoint"",""coordinates"":[]}"
0000000000000000014e,0.956289666,0.04371033400000006,nonveg_666,"{""type"":""MultiPoint"",""coordinates"":[]}"
00000000000000000098,0.956289666,0.04371033400000006,nonveg_670,"{""type"":""MultiPoint"",""coordinates"":[]}"
000000000000000000c1,0.956289666,0.04371033400000006,nonveg_670,"{""type"":""MultiPoint"",""coordinates"":[]}"
00000000000000000118,0.956289666,0.04371033400000006,nonveg_670,"{""type"":""MultiPoint"",""coordinates"":[]}"
000000000000000000af,0.7773093199999999,0.22269068000000017,nonveg_671,"{""type"":""MultiPoint"",""coordinates"":[]}"
00000000000000000109,0.7773093199999999,0.22269068000000017,nonveg_671,"{""type"":""MultiPoint"",""coordinates"":[]}"
00000000000000000187,0.954528426,0.04547157400000006,nonveg_700,"{""type"":""MultiPoint"",""coordinates"":[]}"
000000000000000000e6,0.9544985939999999,0.045501406000000084,nonveg_710,"{""type"":""MultiPoint"",""coordinates"":[]}"
000000000000000001ab,0.9544985939999999,0.045501406000000084,nonveg_710,"{""type"":""MultiPoint"",""coordinates"":[]}"
0000000000000000002a,0.956289666,0.04371033400000006,nonveg_721,"{""type"":""MultiPoint"",""coordinates"":[]}"
000000000000000000a9,0.956289666,0.04371033400000006,nonveg_721,"{""type"":""MultiPoint"",""coordinates"":[]}"
000000000000000001a8,0.956289666,0.04371033400000006,nonveg_721,"{""type"":""MultiPoint"",""coordinates"":[]}"
0000000000000000016e,0.956289666,0.04371033400000006,nonveg_745,"{""type"":""MultiPoint"",""coordinates"":[]}"
0000000000000000019b,0.929942706,0.07005729400000003,nonveg_746,"{""type"":""MultiPoint"",""coordinates"":[]}"
000000000000000001d4,0.929942706,0.07005729400000003,nonveg_746,"{""type"":""MultiPoint"",""coordinates"":[]}"
0000000000000000003e,0.956289666,0.04371033400000006,nonveg_804,"{""type"":""MultiPoint"",""coordinates"":[]}"
000000000000000000eb,0.956289666,0.04371033400000006,nonveg_849,"{""type"":""MultiPoint"",""coordinates"":[]}"
000000000000000001aa,0.956289666,0.04371033400000006,nonveg_849,"{""type"":""MultiPoint"",""coordinates"":[]}"
00000000000000000101,0.949187208,0.050812792000000044,nonveg_867,"{""type"":""MultiPoint"",""coordinates"":[]}"
000000000000000000d2,0.956289666,0.04371033400000006,nonveg_871,"{""type"":""MultiPoint"",""coordinates"":[]}"
000000000000000001bc,0.956289666,0.04371033400000006,nonveg_871,"{""type"":""MultiPoint"",""coordinates"":[]}"
00000000000000000188,0.956289666,0.04371033400000006,nonveg_874,"{""type"":""MultiPoint"",""coordinates"":[]}"
0000000000000000014a,0.956289666,0.04371033400000006,nonveg_902,"{""type"":""MultiPoint"",""coordinates"":[]}"
00000000000000000182,0.956289666,0.04371033400000006,nonveg_902,"{""type"":""MultiPoint"",""coordinates"":[]}"
00000000000000000178,0.9510347459999999,0.04896525400000009,nonveg_923,"{""type"":""MultiPoint"",""coordinates"":[]}"
000000000000000000dd,0.949187208,0.050812792000000044,nonveg_957,"{""type"":""MultiPoint"",""coordinates"":[]}"
000000000000000001ae,0.949187208,0.050812792000000044,nonveg_957,"{""type"":""MultiPoint"",""coordinates"":[]}"
000000000000000001ca,0.949187208,0.050812792000000044,nonveg_957,"{""type"":""MultiPoint"",""coordinates"":[]}"
000000000000000000be,0.956289666,0.04371033400000006,nonveg_968,"{""type"":""MultiPoint"",""coordinates"":[]}"
00000000000000000172,0.956289666,0.04371033400000006,nonveg_979,"{""type"":""MultiPoint"",""coordinates"":[]}"
0000000000000000018f,0.733531312,0.26646868800000006,nonveg_996,"{""type"":""MultiPoint"",""coordinates"":[]}"
000000000000000001d1,0.733531312,0.26646868800000006,nonveg_996,"{""type"":""MultiPoint"",""coordinates"":[]}"
00000000000000000102,0.9544985939999999,0.045501406000000084,nonveg_998,"{""type"":""MultiPoint"",""coordinates"":[]}"
00000000000000000163,0.9544985939999999,0.045501406000000084,nonveg_998,"{""type"":""MultiPoint"",""coordinates"":[]}"
00000000000000000167,0.9544985939999999,0.045501406000000084,nonveg_998,"{""type"":""MultiPoint"",""coordinates"":[]}"
